calendar_date,day_of_week,holiday,quantity
2016/1/1,5,NewYearsDay,282
2016/1/2,6,NewYearsDay,344
2016/1/3,7,NewYearsDay,378
2016/1/4,1,,253
2016/1/5,2,,279
2016/1/6,3,,264
2016/1/7,4,,266
2016/1/8,5,,277
2016/1/9,6,,349
2016/1/10,7,,327
2016/1/11,1,,295
2016/1/12,2,,306
2016/1/13,3,,318
2016/1/14,4,,333
2016/1/15,5,,341
2016/1/16,6,,377
2016/1/17,7,,373
2016/1/18,1,,348
2016/1/19,2,,319
2016/1/20,3,,361
2016/1/21,4,,369
2016/1/22,5,,358
2016/1/23,6,,384
2016/1/24,7,,387
2016/1/25,1,,337
2016/1/26,2,,353
2016/1/27,3,,357
2016/1/28,4,,368
2016/1/29,5,,383
2016/1/30,6,,385
2016/1/31,7,,415
2016/2/1,1,,391
2016/2/2,2,,345
2016/2/3,3,,362
2016/2/4,4,,389
2016/2/5,5,,371
2016/2/6,6,,425
2016/2/7,7,CNYEVE,519
2016/2/8,1,CNY,468
2016/2/9,2,CNY,425
2016/2/10,3,CNY,455
2016/2/11,4,CNY,472
2016/2/12,5,CNY,492
2016/2/13,6,CNY,514
2016/2/14,7,,390
2016/2/15,1,,379
2016/2/16,2,,364
2016/2/17,3,,404
2016/2/18,4,,406
2016/2/19,5,,402
2016/2/20,6,,431
2016/2/21,7,,415
2016/2/22,1,,368
2016/2/23,2,,409
2016/2/24,3,,403
2016/2/25,4,,364
2016/2/26,5,,378
2016/2/27,6,,406
2016/2/28,7,,425
2016/2/29,1,,384
2016/3/1,2,,427
2016/3/2,3,,381
2016/3/3,4,,403
2016/3/4,5,,412
2016/3/5,6,,425
2016/3/6,7,,434
2016/3/7,1,,369
2016/3/8,2,,372
2016/3/9,3,,372
2016/3/10,4,,399
2016/3/11,5,,398
2016/3/12,6,,437
2016/3/13,7,,414
2016/3/14,1,,412
2016/3/15,2,,389
2016/3/16,3,,377
2016/3/17,4,,397
2016/3/18,5,,384
2016/3/19,6,,439
2016/3/20,7,,416
2016/3/21,1,,384
2016/3/22,2,,406
2016/3/23,3,,414
2016/3/24,4,,398
2016/3/25,5,,412
2016/3/26,6,,404
2016/3/27,7,,429
2016/3/28,1,,370
2016/3/29,2,,366
2016/3/30,3,,386
2016/3/31,4,,379
2016/4/1,5,,395
2016/4/2,6,QingMing,488
2016/4/3,7,QingMing,483
2016/4/4,1,QingMing,413
2016/4/5,2,,408
2016/4/6,3,,396
2016/4/7,4,,391
2016/4/8,5,,362
2016/4/9,6,,415
2016/4/10,7,,407
2016/4/11,1,,385
2016/4/12,2,,404
2016/4/13,3,,364
2016/4/14,4,,376
2016/4/15,5,,404
2016/4/16,6,,412
2016/4/17,7,,439
2016/4/18,1,,376
2016/4/19,2,,392
2016/4/20,3,,385
2016/4/21,4,,384
2016/4/22,5,,362
2016/4/23,6,,426
2016/4/24,7,,439
2016/4/25,1,,378
2016/4/26,2,,367
2016/4/27,3,,403
2016/4/28,4,,370
2016/4/29,5,,375
2016/4/30,6,LaborsDay,484
2016/5/1,7,LaborsDay,499
2016/5/2,1,LaborsDay,422
2016/5/3,2,,386
2016/5/4,3,,370
2016/5/5,4,,373
2016/5/6,5,,358
2016/5/7,6,,408
2016/5/8,7,,429
2016/5/9,1,,381
2016/5/10,2,,384
2016/5/11,3,,367
2016/5/12,4,,356
2016/5/13,5,,363
2016/5/14,6,,418
2016/5/15,7,,408
2016/5/16,1,,379
2016/5/17,2,,383
2016/5/18,3,,353
2016/5/19,4,,368
2016/5/20,5,,344
2016/5/21,6,,425
2016/5/22,7,,392
2016/5/23,1,,365
2016/5/24,2,,359
2016/5/25,3,,383
2016/5/26,4,,380
2016/5/27,5,,386
2016/5/28,6,,412
2016/5/29,7,,393
2016/5/30,1,,343
2016/5/31,2,,388
2016/6/1,3,Children's Day,415
2016/6/2,4,,359
2016/6/3,5,,359
2016/6/4,6,,410
2016/6/5,7,,369
2016/6/6,1,,354
2016/6/7,2,,360
2016/6/8,3,,383
2016/6/9,4,DragonBoatFestival,377
2016/6/10,5,DragonBoatFestival,383
2016/6/11,6,DragonBoatFestival,383
2016/6/12,7,,382
2016/6/13,1,,338
2016/6/14,2,,343
2016/6/15,3,,337
2016/6/16,4,,358
2016/6/17,5,,356
2016/6/18,6,,407
2016/6/19,7,,373
2016/6/20,1,,368
2016/6/21,2,,344
2016/6/22,3,,333
2016/6/23,4,,380
2016/6/24,5,,351
2016/6/25,6,,409
2016/6/26,7,,398
2016/6/27,1,,381
2016/6/28,2,,358
2016/6/29,3,,357
2016/6/30,4,,369
2016/7/1,5,,375
2016/7/2,6,,377
2016/7/3,7,,412
2016/7/4,1,,331
2016/7/5,2,,360
2016/7/6,3,,363
2016/7/7,4,,344
2016/7/8,5,,381
2016/7/9,6,,415
2016/7/10,7,,382
2016/7/11,1,,379
2016/7/12,2,,332
2016/7/13,3,,333
2016/7/14,4,,342
2016/7/15,5,,354
2016/7/16,6,,387
2016/7/17,7,,422
2016/7/18,1,,361
2016/7/19,2,,354
2016/7/20,3,,379
2016/7/21,4,,353
2016/7/22,5,,366
2016/7/23,6,,394
2016/7/24,7,,376
2016/7/25,1,,345
2016/7/26,2,,358
2016/7/27,3,,376
2016/7/28,4,,340
2016/7/29,5,,338
2016/7/30,6,,404
2016/7/31,7,,424
2016/8/1,1,,373
2016/8/2,2,,356
2016/8/3,3,,340
2016/8/4,4,,366
2016/8/5,5,,363
2016/8/6,6,,388
2016/8/7,7,,392
2016/8/8,1,,380
2016/8/9,2,,359
2016/8/10,3,,386
2016/8/11,4,,381
2016/8/12,5,,340
2016/8/13,6,,419
2016/8/14,7,,391
2016/8/15,1,,382
2016/8/16,2,,357
2016/8/17,3,,344
2016/8/18,4,,355
2016/8/19,5,,384
2016/8/20,6,,387
2016/8/21,7,,406
2016/8/22,1,,379
2016/8/23,2,,377
2016/8/24,3,,370
2016/8/25,4,,369
2016/8/26,5,,360
2016/8/27,6,,437
2016/8/28,7,,431
2016/8/29,1,,357
2016/8/30,2,,398
2016/8/31,3,,395
2016/9/1,4,,381
2016/9/2,5,,385
2016/9/3,6,,394
2016/9/4,7,,433
2016/9/5,1,,385
2016/9/6,2,,381
2016/9/7,3,,363
2016/9/8,4,,372
2016/9/9,5,,398
2016/9/10,6,,415
2016/9/11,7,,415
2016/9/12,1,,395
2016/9/13,2,,377
2016/9/14,3,,400
2016/9/15,4,MoonFestival,388
2016/9/16,5,MoonFestival,386
2016/9/17,6,MoonFestival,444
2016/9/18,7,,419
2016/9/19,1,,397
2016/9/20,2,,392
2016/9/21,3,,410
2016/9/22,4,,373
2016/9/23,5,,373
2016/9/24,6,,432
2016/9/25,7,,422
2016/9/26,1,,387
2016/9/27,2,,389
2016/9/28,3,,409
2016/9/29,4,,377
2016/9/30,5,,424
2016/10/1,6,NationalDay,579
2016/10/2,7,NationalDay,511
2016/10/3,1,NationalDay,478
2016/10/4,2,NationalDay,521
2016/10/5,3,NationalDay,488
2016/10/6,4,NationalDay,500
2016/10/7,5,NationalDay,490
2016/10/8,6,,415
2016/10/9,7,,450
2016/10/10,1,,416
2016/10/11,2,,412
2016/10/12,3,,427
2016/10/13,4,,394
2016/10/14,5,,417
2016/10/15,6,,450
2016/10/16,7,,474
2016/10/17,1,,414
2016/10/18,2,,421
2016/10/19,3,,415
2016/10/20,4,,419
2016/10/21,5,,431
2016/10/22,6,,467
2016/10/23,7,,445
2016/10/24,1,,420
2016/10/25,2,,406
2016/10/26,3,,437
2016/10/27,4,,413
2016/10/28,5,,440
2016/10/29,6,,499
2016/10/30,7,,484
2016/10/31,1,,444
2016/11/1,2,,473
2016/11/2,3,,440
2016/11/3,4,,422
2016/11/4,5,,440
2016/11/5,6,,471
2016/11/6,7,,461
2016/11/7,1,,417
2016/11/8,2,,428
2016/11/9,3,,422
2016/11/10,4,,432
2016/11/11,5,,456
2016/11/12,6,,487
2016/11/13,7,,489
2016/11/14,1,,462
2016/11/15,2,,450
2016/11/16,3,,472
2016/11/17,4,,440
2016/11/18,5,,468
2016/11/19,6,,496
2016/11/20,7,,478
2016/11/21,1,,472
2016/11/22,2,,478
2016/11/23,3,,461
2016/11/24,4,,474
2016/11/25,5,,473
2016/11/26,6,,486
2016/11/27,7,,521
2016/11/28,1,,463
2016/11/29,2,,469
2016/11/30,3,,450
2016/12/1,4,,490
2016/12/2,5,,445
2016/12/3,6,,506
2016/12/4,7,,524
2016/12/5,1,,464
2016/12/6,2,,459
2016/12/7,3,,452
2016/12/8,4,,468
2016/12/9,5,,474
2016/12/10,6,,504
2016/12/11,7,,511
2016/12/12,1,,467
2016/12/13,2,,491
2016/12/14,3,,454
2016/12/15,4,,491
2016/12/16,5,,474
2016/12/17,6,,511
2016/12/18,7,,499
2016/12/19,1,,474
2016/12/20,2,,479
2016/12/21,3,,477
2016/12/22,4,,493
2016/12/23,5,,500
2016/12/24,6,,512
2016/12/25,7,,531
2016/12/26,1,,462
2016/12/27,2,,460
2016/12/28,3,,485
2016/12/29,4,,466
2016/12/30,5,,493
2016/12/31,6,NewYearsDay,609
2017/1/1,7,NewYearsDay,622
2017/1/2,1,NewYearsDay,584
2017/1/3,2,,473
2017/1/4,3,,471
2017/1/5,4,,466
2017/1/6,5,,499
2017/1/7,6,,513
2017/1/8,7,,506
2017/1/9,1,,492
2017/1/10,2,,493
2017/1/11,3,,481
2017/1/12,4,,501
2017/1/13,5,,511
2017/1/14,6,,525
2017/1/15,7,,522
2017/1/16,1,,486
2017/1/17,2,,496
2017/1/18,3,,477
2017/1/19,4,,474
2017/1/20,5,,475
2017/1/21,6,,533
2017/1/22,7,,518
2017/1/23,1,,502
2017/1/24,2,,502
2017/1/25,3,,498
2017/1/26,4,,483
2017/1/27,5,CNYEVE,614
2017/1/28,6,CNY,654
2017/1/29,7,CNY,608
2017/1/30,1,CNY,568
2017/1/31,2,CNY,577
2017/2/1,3,CNY,624
2017/2/2,4,CNY,569
2017/2/3,5,,480
2017/2/4,6,,522
2017/2/5,7,,558
2017/2/6,1,,466
2017/2/7,2,,485
2017/2/8,3,,472
2017/2/9,4,,502
2017/2/10,5,,470
2017/2/11,6,,513
2017/2/12,7,,504
2017/2/13,1,,474
2017/2/14,2,,469
2017/2/15,3,,479
2017/2/16,4,,512
2017/2/17,5,,492
2017/2/18,6,,532
2017/2/19,7,,538
2017/2/20,1,,500
2017/2/21,2,,488
2017/2/22,3,,469
2017/2/23,4,,494
2017/2/24,5,,462
2017/2/25,6,,530
2017/2/26,7,,519
2017/2/27,1,,471
2017/2/28,2,,475
2017/3/1,3,,533
2017/3/2,4,,459
2017/3/3,5,,492
2017/3/4,6,,550
2017/3/5,7,,554
2017/3/6,1,,482
2017/3/7,2,,463
2017/3/8,3,,495
2017/3/9,4,,466
2017/3/10,5,,502
2017/3/11,6,,503
2017/3/12,7,,509
2017/3/13,1,,500
2017/3/14,2,,478
2017/3/15,3,,462
2017/3/16,4,,495
2017/3/17,5,,453
2017/3/18,6,,509
2017/3/19,7,,501
2017/3/20,1,,489
2017/3/21,2,,487
2017/3/22,3,,457
2017/3/23,4,,470
2017/3/24,5,,460
2017/3/25,6,,500
2017/3/26,7,,502
2017/3/27,1,,456
2017/3/28,2,,488
2017/3/29,3,,464
2017/3/30,4,,473
2017/3/31,5,,473
2017/4/1,6,,516
2017/4/2,7,QingMing,536
2017/4/3,1,QingMing,501
2017/4/4,2,QingMing,537
2017/4/5,3,,449
2017/4/6,4,,454
2017/4/7,5,,473
2017/4/8,6,,504
2017/4/9,7,,514
2017/4/10,1,,483
2017/4/11,2,,445
2017/4/12,3,,438
2017/4/13,4,,436
2017/4/14,5,,448
2017/4/15,6,,502
2017/4/16,7,,500
2017/4/17,1,,467
2017/4/18,2,,451
2017/4/19,3,,459
2017/4/20,4,,465
2017/4/21,5,,470
2017/4/22,6,,490
2017/4/23,7,,492
2017/4/24,1,,446
2017/4/25,2,,425
2017/4/26,3,,428
2017/4/27,4,,459
2017/4/28,5,,446
2017/4/29,6,LaborsDay,521
2017/4/30,7,LaborsDay,531
2017/5/1,1,LaborsDay,529
2017/5/2,2,,451
2017/5/3,3,,430
2017/5/4,4,,433
2017/5/5,5,,442
2017/5/6,6,,484
2017/5/7,7,,490
2017/5/8,1,,436
2017/5/9,2,,424
2017/5/10,3,,443
2017/5/11,4,,456
2017/5/12,5,,441
2017/5/13,6,,504
2017/5/14,7,,495
2017/5/15,1,,419
2017/5/16,2,,426
2017/5/17,3,,411
2017/5/18,4,,430
2017/5/19,5,,432
2017/5/20,6,,465
2017/5/21,7,,470
2017/5/22,1,,438
2017/5/23,2,,407
2017/5/24,3,,423
2017/5/25,4,,420
2017/5/26,5,,436
2017/5/27,6,,469
2017/5/28,7,DragonBoatFestival,436
2017/5/29,1,DragonBoatFestival,444
2017/5/30,2,DragonBoatFestival,427
2017/5/31,3,,423
2017/6/1,4,Children's Day,459
2017/6/2,5,,411
2017/6/3,6,,494
2017/6/4,7,,470
2017/6/5,1,,403
2017/6/6,2,,419
2017/6/7,3,,411
2017/6/8,4,,434
2017/6/9,5,,442
2017/6/10,6,,446
2017/6/11,7,,457
2017/6/12,1,,415
2017/6/13,2,,423
2017/6/14,3,,411
2017/6/15,4,,422
2017/6/16,5,,429
2017/6/17,6,,485
2017/6/18,7,,458
2017/6/19,1,,409
2017/6/20,2,,390
2017/6/21,3,,411
2017/6/22,4,,401
2017/6/23,5,,417
2017/6/24,6,,453
2017/6/25,7,,471
2017/6/26,1,,416
2017/6/27,2,,414
2017/6/28,3,,426
2017/6/29,4,,425
2017/6/30,5,,412
2017/7/1,6,,490
2017/7/2,7,,466
2017/7/3,1,,405
2017/7/4,2,,404
2017/7/5,3,,432
2017/7/6,4,,431
2017/7/7,5,,393
2017/7/8,6,,449
2017/7/9,7,,451
2017/7/10,1,,385
2017/7/11,2,,419
2017/7/12,3,,414
2017/7/13,4,,398
2017/7/14,5,,400
2017/7/15,6,,452
2017/7/16,7,,468
2017/7/17,1,,384
2017/7/18,2,,420
2017/7/19,3,,421
2017/7/20,4,,417
2017/7/21,5,,389
2017/7/22,6,,466
2017/7/23,7,,447
2017/7/24,1,,393
2017/7/25,2,,413
2017/7/26,3,,384
2017/7/27,4,,391
2017/7/28,5,,406
2017/7/29,6,,431
2017/7/30,7,,419
2017/7/31,1,,397
2017/8/1,2,,427
2017/8/2,3,,411
2017/8/3,4,,402
2017/8/4,5,,395
2017/8/5,6,,437
2017/8/6,7,,471
2017/8/7,1,,396
2017/8/8,2,,428
2017/8/9,3,,433
2017/8/10,4,,433
2017/8/11,5,,396
2017/8/12,6,,434
2017/8/13,7,,457
2017/8/14,1,,426
2017/8/15,2,,403
2017/8/16,3,,421
2017/8/17,4,,395
2017/8/18,5,,433
2017/8/19,6,,434
2017/8/20,7,,431
2017/8/21,1,,431
2017/8/22,2,,437
2017/8/23,3,,428
2017/8/24,4,,418
2017/8/25,5,,398
2017/8/26,6,,443
2017/8/27,7,,436
2017/8/28,1,,419
2017/8/29,2,,432
2017/8/30,3,,408
2017/8/31,4,,432
2017/9/1,5,,432
2017/9/2,6,,478
2017/9/3,7,,470
2017/9/4,1,,400
2017/9/5,2,,446
2017/9/6,3,,442
2017/9/7,4,,445
2017/9/8,5,,431
2017/9/9,6,,473
2017/9/10,7,,467
2017/9/11,1,,422
2017/9/12,2,,410
2017/9/13,3,,449
2017/9/14,4,,422
2017/9/15,5,,407
2017/9/16,6,,487
2017/9/17,7,,461
2017/9/18,1,,417
2017/9/19,2,,425
2017/9/20,3,,439
2017/9/21,4,,434
2017/9/22,5,,417
2017/9/23,6,,507
2017/9/24,7,,470
2017/9/25,1,,428
2017/9/26,2,,455
2017/9/27,3,,443
2017/9/28,4,,454
2017/9/29,5,,446
2017/9/30,6,,496
2017/10/1,7,NationalDay,592
2017/10/2,1,NationalDay,542
2017/10/3,2,NationalDay,510
2017/10/4,3,NationalDay,544
2017/10/5,4,NationalDay,534
2017/10/6,5,NationalDay,514
2017/10/7,6,NationalDay,557
2017/10/8,7,NationalDay,580
2017/10/9,1,,471
2017/10/10,2,,465
2017/10/11,3,,455
2017/10/12,4,,432
2017/10/13,5,,442
2017/10/14,6,,480
2017/10/15,7,,512
2017/10/16,1,,483
2017/10/17,2,,468
2017/10/18,3,,459
2017/10/19,4,,482
2017/10/20,5,,461
2017/10/21,6,,498
2017/10/22,7,,522
2017/10/23,1,,454
2017/10/24,2,,487
2017/10/25,3,,442
2017/10/26,4,,459
2017/10/27,5,,450
2017/10/28,6,,492
2017/10/29,7,,523
2017/10/30,1,,493
2017/10/31,2,,492
2017/11/1,3,,497
2017/11/2,4,,454
2017/11/3,5,,495
2017/11/4,6,,525
2017/11/5,7,,530
2017/11/6,1,,462
2017/11/7,2,,483
2017/11/8,3,,504
2017/11/9,4,,492
2017/11/10,5,,458
2017/11/11,6,,506
2017/11/12,7,,505
2017/11/13,1,,506
2017/11/14,2,,507
2017/11/15,3,,482
2017/11/16,4,,462
2017/11/17,5,,501
2017/11/18,6,,545
2017/11/19,7,,540
2017/11/20,1,,481
2017/11/21,2,,491
2017/11/22,3,,500
2017/11/23,4,,508
2017/11/24,5,,492
2017/11/25,6,,513
2017/11/26,7,,558
2017/11/27,1,,511
2017/11/28,2,,483
2017/11/29,3,,488
2017/11/30,4,,518
2017/12/1,5,,524
2017/12/2,6,,567
2017/12/3,7,,519
2017/12/4,1,,515
2017/12/5,2,,483
2017/12/6,3,,482
2017/12/7,4,,481
2017/12/8,5,,491
2017/12/9,6,,548
2017/12/10,7,,568
2017/12/11,1,,522
2017/12/12,2,,525
2017/12/13,3,,493
2017/12/14,4,,483
2017/12/15,5,,515
2017/12/16,6,,520
2017/12/17,7,,540
2017/12/18,1,,486
2017/12/19,2,,492
2017/12/20,3,,536
2017/12/21,4,,509
2017/12/22,5,,492
2017/12/23,6,,540
2017/12/24,7,,568
2017/12/25,1,,519
2017/12/26,2,,534
2017/12/27,3,,512
2017/12/28,4,,520
2017/12/29,5,,517
2017/12/30,6,NewYearsDay,641
2017/12/31,7,NewYearsDay,658
2018/1/1,1,NewYearsDay,602
2018/1/2,2,,537
2018/1/3,3,,529
2018/1/4,4,,540
2018/1/5,5,,521
2018/1/6,6,,555
2018/1/7,7,,546
2018/1/8,1,,501
2018/1/9,2,,500
2018/1/10,3,,495
2018/1/11,4,,521
2018/1/12,5,,536
2018/1/13,6,,585
2018/1/14,7,,567
2018/1/15,1,,532
2018/1/16,2,,511
2018/1/17,3,,503
2018/1/18,4,,503
2018/1/19,5,,532
2018/1/20,6,,575
2018/1/21,7,,552
2018/1/22,1,,524
2018/1/23,2,,540
2018/1/24,3,,505
2018/1/25,4,,516
2018/1/26,5,,529
2018/1/27,6,,576
2018/1/28,7,,579
2018/1/29,1,,500
2018/1/30,2,,502
2018/1/31,3,,544
2018/2/1,4,,552
2018/2/2,5,,509
2018/2/3,6,,574
2018/2/4,7,,561
2018/2/5,1,,542
2018/2/6,2,,539
2018/2/7,3,,529
2018/2/8,4,,530
2018/2/9,5,,520
2018/2/10,6,,582
2018/2/11,7,,541
2018/2/12,1,,512
2018/2/13,2,,523
2018/2/14,3,,519
2018/2/15,4,CNYEVE,670
2018/2/16,5,CNY,621
2018/2/17,6,CNY,643
2018/2/18,7,CNY,648
2018/2/19,1,CNY,614
2018/2/20,2,CNY,621
2018/2/21,3,CNY,640
2018/2/22,4,,509
2018/2/23,5,,525
2018/2/24,6,,546
2018/2/25,7,,565
2018/2/26,1,,533
2018/2/27,2,,500
2018/2/28,3,,507
2018/3/1,4,,521
2018/3/2,5,,536
2018/3/3,6,,544
2018/3/4,7,,564
2018/3/5,1,,537
2018/3/6,2,,497
2018/3/7,3,,536
2018/3/8,4,,507
2018/3/9,5,,507
2018/3/10,6,,549
2018/3/11,7,,540
2018/3/12,1,,511
2018/3/13,2,,502
2018/3/14,3,,525
2018/3/15,4,,502
2018/3/16,5,,513
2018/3/17,6,,573
2018/3/18,7,,571
2018/3/19,1,,479
2018/3/20,2,,498
2018/3/21,3,,484
2018/3/22,4,,502
2018/3/23,5,,499
2018/3/24,6,,552
2018/3/25,7,,560
2018/3/26,1,,490
2018/3/27,2,,492
2018/3/28,3,,521
2018/3/29,4,,494
2018/3/30,5,,509
2018/3/31,6,,523
2018/4/1,7,,558
2018/4/2,1,,499
2018/4/3,2,,486
2018/4/4,3,,509
2018/4/5,4,QingMing,531
2018/4/6,5,QingMing,539
2018/4/7,6,QingMing,574
2018/4/8,7,,552
2018/4/9,1,,510
2018/4/10,2,,471
2018/4/11,3,,476
2018/4/12,4,,496
2018/4/13,5,,491
2018/4/14,6,,550
2018/4/15,7,,546
2018/4/16,1,,459
2018/4/17,2,,491
2018/4/18,3,,464
2018/4/19,4,,461
2018/4/20,5,,494
2018/4/21,6,,546
2018/4/22,7,,504
2018/4/23,1,,466
2018/4/24,2,,473
2018/4/25,3,,493
2018/4/26,4,,488
2018/4/27,5,,461
2018/4/28,6,,516
2018/4/29,7,LaborsDay,573
2018/4/30,1,LaborsDay,508
2018/5/1,2,LaborsDay,565
2018/5/2,3,,453
2018/5/3,4,,483
2018/5/4,5,,452
2018/5/5,6,,492
2018/5/6,7,,489
2018/5/7,1,,468
2018/5/8,2,,465
2018/5/9,3,,487
2018/5/10,4,,470
2018/5/11,5,,476
2018/5/12,6,,486
2018/5/13,7,,523
2018/5/14,1,,477
2018/5/15,2,,444
2018/5/16,3,,478
2018/5/17,4,,465
2018/5/18,5,,467
2018/5/19,6,,467
2018/5/20,7,,514
2018/5/21,1,,457
2018/5/22,2,,450
2018/5/23,3,,467
2018/5/24,4,,467
2018/5/25,5,,447
2018/5/26,6,,514
2018/5/27,7,,505
2018/5/28,1,,426
2018/5/29,2,,447
2018/5/30,3,,426
2018/5/31,4,,426
2018/6/1,5,Children's Day,454
2018/6/2,6,,485
2018/6/3,7,,484
2018/6/4,1,,443
2018/6/5,2,,437
2018/6/6,3,,425
2018/6/7,4,,449
2018/6/8,5,,423
2018/6/9,6,,470
2018/6/10,7,,490
2018/6/11,1,,431
2018/6/12,2,,457
2018/6/13,3,,454
2018/6/14,4,,446
2018/6/15,5,,450
2018/6/16,6,DragonBoatFestival,486
2018/6/17,7,DragonBoatFestival,498
2018/6/18,1,DragonBoatFestival,456
2018/6/19,2,,414
2018/6/20,3,,415
2018/6/21,4,,430
2018/6/22,5,,462
2018/6/23,6,,463
2018/6/24,7,,460
2018/6/25,1,,423
2018/6/26,2,,423
2018/6/27,3,,414
2018/6/28,4,,441
2018/6/29,5,,441
2018/6/30,6,,485
2018/7/1,7,,518
2018/7/2,1,,422
2018/7/3,2,,443
2018/7/4,3,,457
2018/7/5,4,,449
2018/7/6,5,,419
2018/7/7,6,,479
2018/7/8,7,,467
2018/7/9,1,,434
2018/7/10,2,,452
2018/7/11,3,,416
2018/7/12,4,,449
2018/7/13,5,,423
2018/7/14,6,,453
2018/7/15,7,,473
2018/7/16,1,,429
2018/7/17,2,,437
2018/7/18,3,,420
2018/7/19,4,,440
2018/7/20,5,,455
2018/7/21,6,,492
2018/7/22,7,,489
2018/7/23,1,,436
2018/7/24,2,,452
2018/7/25,3,,429
2018/7/26,4,,429
2018/7/27,5,,419
2018/7/28,6,,487
2018/7/29,7,,483
2018/7/30,1,,449
2018/7/31,2,,418
2018/8/1,3,,458
2018/8/2,4,,412
2018/8/3,5,,426
2018/8/4,6,,489
2018/8/5,7,,476
2018/8/6,1,,434
2018/8/7,2,,415
2018/8/8,3,,428
2018/8/9,4,,442
2018/8/10,5,,435
2018/8/11,6,,482
2018/8/12,7,,490
2018/8/13,1,,457
2018/8/14,2,,428
2018/8/15,3,,438
2018/8/16,4,,423
2018/8/17,5,,415
2018/8/18,6,,504
2018/8/19,7,,501
2018/8/20,1,,420
2018/8/21,2,,437
2018/8/22,3,,426
2018/8/23,4,,421
2018/8/24,5,,428
2018/8/25,6,,486
2018/8/26,7,,501
2018/8/27,1,,440
2018/8/28,2,,420
2018/8/29,3,,450
2018/8/30,4,,468
2018/8/31,5,,429
2018/9/1,6,,520
2018/9/2,7,,462
2018/9/3,1,,457
2018/9/4,2,,432
2018/9/5,3,,435
2018/9/6,4,,451
2018/9/7,5,,428
2018/9/8,6,,489
2018/9/9,7,,475
2018/9/10,1,,457
2018/9/11,2,,450
2018/9/12,3,,473
2018/9/13,4,,463
2018/9/14,5,,445
2018/9/15,6,,475
2018/9/16,7,,513
2018/9/17,1,,479
2018/9/18,2,,442
2018/9/19,3,,449
2018/9/20,4,,473
2018/9/21,5,,453
2018/9/22,6,MoonFestival,507
2018/9/23,7,MoonFestival,505
2018/9/24,1,MoonFestival,449
2018/9/25,2,,450
2018/9/26,3,,486
2018/9/27,4,,450
2018/9/28,5,,456
2018/9/29,6,,484
2018/9/30,7,,504
2018/10/1,1,NationalDay,565
2018/10/2,2,NationalDay,583
2018/10/3,3,NationalDay,543
2018/10/4,4,NationalDay,550
2018/10/5,5,NationalDay,565
2018/10/6,6,NationalDay,573
2018/10/7,7,NationalDay,580
2018/10/8,1,,455
2018/10/9,2,,470
2018/10/10,3,,469
2018/10/11,4,,457
2018/10/12,5,,456
2018/10/13,6,,515
2018/10/14,7,,534
2018/10/15,1,,490
2018/10/16,2,,479
2018/10/17,3,,483
2018/10/18,4,,505
2018/10/19,5,,479
2018/10/20,6,,504
2018/10/21,7,,522
2018/10/22,1,,490
2018/10/23,2,,487
2018/10/24,3,,500
2018/10/25,4,,482
2018/10/26,5,,475
2018/10/27,6,,530
2018/10/28,7,,525
2018/10/29,1,,505
2018/10/30,2,,489
2018/10/31,3,,516
2018/11/1,4,,532
2018/11/2,5,,496
2018/11/3,6,,537
2018/11/4,7,,529
2018/11/5,1,,483
2018/11/6,2,,492
2018/11/7,3,,509
2018/11/8,4,,513
2018/11/9,5,,499
2018/11/10,6,,548
2018/11/11,7,,520
2018/11/12,1,,492
2018/11/13,2,,494
2018/11/14,3,,503
2018/11/15,4,,507
2018/11/16,5,,531
2018/11/17,6,,542
2018/11/18,7,,546
2018/11/19,1,,519
2018/11/20,2,,521
2018/11/21,3,,520
2018/11/22,4,,517
2018/11/23,5,,507
2018/11/24,6,,543
2018/11/25,7,,572
2018/11/26,1,,513
2018/11/27,2,,540
2018/11/28,3,,530
2018/11/29,4,,504
2018/11/30,5,,512
2018/12/1,6,,589
2018/12/2,7,,551
2018/12/3,1,,535
2018/12/4,2,,503
2018/12/5,3,,543
2018/12/6,4,,529
2018/12/7,5,,518
2018/12/8,6,,567
2018/12/9,7,,565
2018/12/10,1,,519
2018/12/11,2,,528
2018/12/12,3,,519
2018/12/13,4,,520
2018/12/14,5,,544
2018/12/15,6,,573
2018/12/16,7,,582
2018/12/17,1,,538
2018/12/18,2,,541
2018/12/19,3,,523
2018/12/20,4,,538
2018/12/21,5,,535
2018/12/22,6,,555
2018/12/23,7,,597
2018/12/24,1,,511
2018/12/25,2,,557
2018/12/26,3,,545
2018/12/27,4,,540
2018/12/28,5,,536
2018/12/29,6,,560
2018/12/30,7,NewYearsDay,666
2018/12/31,1,NewYearsDay,610
2019/1/1,2,NewYearsDay,646
2019/1/2,3,,514
2019/1/3,4,,562
2019/1/4,5,,543
2019/1/5,6,,557
2019/1/6,7,,560
2019/1/7,1,,563
2019/1/8,2,,557
2019/1/9,3,,552
2019/1/10,4,,515
2019/1/11,5,,518
2019/1/12,6,,550
2019/1/13,7,,575
2019/1/14,1,,558
2019/1/15,2,,519
2019/1/16,3,,543
2019/1/17,4,,551
2019/1/18,5,,536
2019/1/19,6,,583
2019/1/20,7,,572
2019/1/21,1,,551
2019/1/22,2,,525
2019/1/23,3,,560
2019/1/24,4,,519
2019/1/25,5,,533
2019/1/26,6,,577
2019/1/27,7,,586
2019/1/28,1,,540
2019/1/29,2,,517
2019/1/30,3,,557
2019/1/31,4,,565
2019/2/1,5,,575
2019/2/2,6,,586
2019/2/3,7,,609
2019/2/4,1,CNYEVE,672
2019/2/5,2,CNY,656
2019/2/6,3,CNY,614
2019/2/7,4,CNY,628
2019/2/8,5,CNY,611
2019/2/9,6,CNY,681
2019/2/10,7,CNY,677
2019/2/11,1,,525
2019/2/12,2,,526
2019/2/13,3,,521
2019/2/14,4,,527
2019/2/15,5,,522
2019/2/16,6,,609
2019/2/17,7,,567
2019/2/18,1,,539
2019/2/19,2,,532
2019/2/20,3,,554
2019/2/21,4,,544
2019/2/22,5,,542
2019/2/23,6,,581
2019/2/24,7,,577
2019/2/25,1,,517
2019/2/26,2,,516
2019/2/27,3,,554
2019/2/28,4,,513
2019/3/1,5,,584
2019/3/2,6,,600
2019/3/3,7,,551
2019/3/4,1,,538
2019/3/5,2,,535
2019/3/6,3,,545
2019/3/7,4,,508
2019/3/8,5,,536
2019/3/9,6,,559
2019/3/10,7,,573
2019/3/11,1,,532
2019/3/12,2,,533
2019/3/13,3,,514
2019/3/14,4,,527
2019/3/15,5,,507
2019/3/16,6,,557
2019/3/17,7,,542
2019/3/18,1,,501
2019/3/19,2,,540
2019/3/20,3,,545
2019/3/21,4,,522
2019/3/22,5,,524
2019/3/23,6,,568
2019/3/24,7,,567
2019/3/25,1,,540
2019/3/26,2,,513
2019/3/27,3,,523
2019/3/28,4,,519
2019/3/29,5,,505
2019/3/30,6,,539
2019/3/31,7,,564
2019/4/1,1,,560
2019/4/2,2,,501
2019/4/3,3,,521
2019/4/4,4,,503
2019/4/5,5,QingMing,530
2019/4/6,6,QingMing,633
2019/4/7,7,QingMing,588
2019/4/8,1,,519
2019/4/9,2,,513
2019/4/10,3,,507
2019/4/11,4,,485
2019/4/12,5,,504
2019/4/13,6,,535
2019/4/14,7,,551
2019/4/15,1,,519
2019/4/16,2,,494
2019/4/17,3,,520
2019/4/18,4,,478
2019/4/19,5,,481
2019/4/20,6,,541
2019/4/21,7,,533
2019/4/22,1,,512
2019/4/23,2,,496
2019/4/24,3,,503
2019/4/25,4,,513
2019/4/26,5,,483
2019/4/27,6,,531
2019/4/28,7,,519
2019/4/29,1,,509
2019/4/30,2,,478
2019/5/1,3,LaborsDay,562
2019/5/2,4,LaborsDay,541
2019/5/3,5,LaborsDay,559
2019/5/4,6,LaborsDay,602
2019/5/5,7,,512
2019/5/6,1,,487
2019/5/7,2,,501
2019/5/8,3,,476
2019/5/9,4,,466
2019/5/10,5,,489
2019/5/11,6,,501
2019/5/12,7,,501
2019/5/13,1,,481
2019/5/14,2,,471
2019/5/15,3,,496
2019/5/16,4,,488
2019/5/17,5,,491
2019/5/18,6,,530
2019/5/19,7,,497
2019/5/20,1,,449
2019/5/21,2,,463
2019/5/22,3,,448
2019/5/23,4,,460
2019/5/24,5,,490
2019/5/25,6,,482
2019/5/26,7,,521
2019/5/27,1,,455
2019/5/28,2,,480
2019/5/29,3,,453
2019/5/30,4,,447
2019/5/31,5,,472
2019/6/1,6,Children's Day,530
2019/6/2,7,,522
2019/6/3,1,,439
2019/6/4,2,,482
2019/6/5,3,,439
2019/6/6,4,,437
2019/6/7,5,DragonBoatFestival,463
2019/6/8,6,DragonBoatFestival,479
2019/6/9,7,DragonBoatFestival,501
2019/6/10,1,,468
2019/6/11,2,,456
2019/6/12,3,,436
2019/6/13,4,,476
2019/6/14,5,,480
2019/6/15,6,,499
2019/6/16,7,,506
2019/6/17,1,,467
2019/6/18,2,,458
2019/6/19,3,,463
2019/6/20,4,,464
2019/6/21,5,,467
2019/6/22,6,,520
2019/6/23,7,,514
2019/6/24,1,,446
2019/6/25,2,,439
2019/6/26,3,,454
2019/6/27,4,,451
2019/6/28,5,,453
2019/6/29,6,,501
2019/6/30,7,,460
2019/7/1,1,,502
2019/7/2,2,,435
2019/7/3,3,,459
2019/7/4,4,,463
2019/7/5,5,,429
2019/7/6,6,,478
2019/7/7,7,,464
2019/7/8,1,,429
2019/7/9,2,,450
2019/7/10,3,,472
2019/7/11,4,,429
2019/7/12,5,,447
2019/7/13,6,,507
2019/7/14,7,,499
2019/7/15,1,,434
2019/7/16,2,,453
2019/7/17,3,,443
2019/7/18,4,,436
2019/7/19,5,,445
2019/7/20,6,,493
2019/7/21,7,,501
2019/7/22,1,,467
2019/7/23,2,,469
2019/7/24,3,,444
2019/7/25,4,,472
2019/7/26,5,,451
2019/7/27,6,,501
2019/7/28,7,,462
2019/7/29,1,,439
2019/7/30,2,,429
2019/7/31,3,,443
2019/8/1,4,,484
2019/8/2,5,,467
2019/8/3,6,,481
2019/8/4,7,,501
2019/8/5,1,,447
2019/8/6,2,,452
2019/8/7,3,,430
2019/8/8,4,,470
2019/8/9,5,,442
2019/8/10,6,,502
2019/8/11,7,,480
2019/8/12,1,,455
2019/8/13,2,,459
2019/8/14,3,,469
2019/8/15,4,,472
2019/8/16,5,,437
2019/8/17,6,,511
2019/8/18,7,,497
2019/8/19,1,,459
2019/8/20,2,,472
2019/8/21,3,,458
2019/8/22,4,,466
2019/8/23,5,,445
2019/8/24,6,,513
2019/8/25,7,,499
2019/8/26,1,,464
2019/8/27,2,,484
2019/8/28,3,,481
2019/8/29,4,,480
2019/8/30,5,,470
2019/8/31,6,,516
2019/9/1,7,,544
2019/9/2,1,,487
2019/9/3,2,,479
2019/9/4,3,,459
2019/9/5,4,,453
2019/9/6,5,,460
2019/9/7,6,,490
2019/9/8,7,,488
2019/9/9,1,,472
2019/9/10,2,,476
2019/9/11,3,,488
2019/9/12,4,,481
2019/9/13,5,MoonFestival,479
2019/9/14,6,MoonFestival,511
2019/9/15,7,MoonFestival,513
2019/9/16,1,,470
2019/9/17,2,,477
2019/9/18,3,,465
2019/9/19,4,,455
2019/9/20,5,,465
2019/9/21,6,,531
2019/9/22,7,,502
2019/9/23,1,,465
2019/9/24,2,,460
2019/9/25,3,,462
2019/9/26,4,,483
2019/9/27,5,,481
2019/9/28,6,,526
2019/9/29,7,,499
2019/9/30,1,,484
2019/10/1,2,NationalDay,617
2019/10/2,3,NationalDay,585
2019/10/3,4,NationalDay,603
2019/10/4,5,NationalDay,579
2019/10/5,6,NationalDay,606
2019/10/6,7,NationalDay,618
2019/10/7,1,NationalDay,568
2019/10/8,2,,467
2019/10/9,3,,516
2019/10/10,4,,505
2019/10/11,5,,496
2019/10/12,6,,534
2019/10/13,7,,534
2019/10/14,1,,510
2019/10/15,2,,475
2019/10/16,3,,513
2019/10/17,4,,523
2019/10/18,5,,524
2019/10/19,6,,531
2019/10/20,7,,555
2019/10/21,1,,492
2019/10/22,2,,513
2019/10/23,3,,527
2019/10/24,4,,526
2019/10/25,5,,499
2019/10/26,6,,562
2019/10/27,7,,533
2019/10/28,1,,486
2019/10/29,2,,521
2019/10/30,3,,492
2019/10/31,4,,534
2019/11/1,5,,563
2019/11/2,6,,564
2019/11/3,7,,541
2019/11/4,1,,509
2019/11/5,2,,523
2019/11/6,3,,498
2019/11/7,4,,514
2019/11/8,5,,502
2019/11/9,6,,585
2019/11/10,7,,561
2019/11/11,1,,530
2019/11/12,2,,537
2019/11/13,3,,534
2019/11/14,4,,507
2019/11/15,5,,503
2019/11/16,6,,538
2019/11/17,7,,570
2019/11/18,1,,512
2019/11/19,2,,550
2019/11/20,3,,539
2019/11/21,4,,541
2019/11/22,5,,511
2019/11/23,6,,577
2019/11/24,7,,601
2019/11/25,1,,537
2019/11/26,2,,520
2019/11/27,3,,526
2019/11/28,4,,527
2019/11/29,5,,545
2019/11/30,6,,573
2019/12/1,7,,632
2019/12/2,1,,542
2019/12/3,2,,535
2019/12/4,3,,556
2019/12/5,4,,560
2019/12/6,5,,525
2019/12/7,6,,603
2019/12/8,7,,581
2019/12/9,1,,538
2019/12/10,2,,525
2019/12/11,3,,565
2019/12/12,4,,545
2019/12/13,5,,568
2019/12/14,6,,584
2019/12/15,7,,563
2019/12/16,1,,543
2019/12/17,2,,552
2019/12/18,3,,532
2019/12/19,4,,564
2019/12/20,5,,551
2019/12/21,6,,601
2019/12/22,7,,574
2019/12/23,1,,537
2019/12/24,2,,572
2019/12/25,3,,567
2019/12/26,4,,536
2019/12/27,5,,538
2019/12/28,6,,593
2019/12/29,7,,572
2019/12/30,1,,537
2019/12/31,2,,557
2020/1/1,3,NewYearsDay,666
2020/1/2,4,,564
2020/1/3,5,,566
2020/1/4,6,,591
2020/1/5,7,,581
2020/1/6,1,,546
2020/1/7,2,,551
2020/1/8,3,,577
2020/1/9,4,,412
2020/1/10,5,,413
2020/1/11,6,,381
2020/1/12,7,,371
2020/1/13,1,,325
2020/1/14,2,,312
2020/1/15,3,,299
2020/1/16,4,,300
2020/1/17,5,,272
2020/1/18,6,,271
2020/1/19,7,,300
2020/1/20,1,,260
2020/1/21,2,,251
2020/1/22,3,,223
2020/1/23,4,,216
2020/1/24,5,CNYEVE,275
2020/1/25,6,CNY,282
2020/1/26,7,CNY,262
2020/1/27,1,CNY,264
2020/1/28,2,CNY,239
2020/1/29,3,CNY,241
2020/1/30,4,CNY,219
2020/1/31,5,CNY,204
2020/2/1,6,CNY,270
2020/2/2,7,CNY,221
2020/2/3,1,CNY,200
2020/2/4,2,CNY,194
2020/2/5,3,CNY,239
2020/2/6,4,CNY,243
2020/2/7,5,CNY,213
2020/2/8,6,CNY,220
2020/2/9,7,CNY,216
2020/2/10,1,,186
2020/2/11,2,,209
2020/2/12,3,,188
2020/2/13,4,,187
2020/2/14,5,,169
2020/2/15,6,,186
2020/2/16,7,,192
2020/2/17,1,,181
2020/2/18,2,,165
2020/2/19,3,,196
2020/2/20,4,,206
2020/2/21,5,,169
2020/2/22,6,,217
2020/2/23,7,,215
2020/2/24,1,,177
2020/2/25,2,,173
2020/2/26,3,,164
2020/2/27,4,,178
2020/2/28,5,,201
2020/2/29,6,,214
2020/3/1,7,,215
2020/3/2,1,,167
2020/3/3,2,,197
2020/3/4,3,,130
2020/3/5,4,,90
2020/3/6,5,,81
2020/3/7,6,,20
2020/3/11,3,,17
2020/3/12,4,,36
2020/3/13,5,,92
2020/3/14,6,,120
2020/3/15,7,,114
2020/3/16,1,,157
2020/3/17,2,,188
2020/3/18,3,,205
2020/3/19,4,,199
2020/3/20,5,,216
2020/3/21,6,,229
2020/3/22,7,,232
2020/3/23,1,,215
2020/3/24,2,,228
2020/3/25,3,,241
2020/3/26,4,,239
2020/3/27,5,,260
2020/3/28,6,,248
2020/3/29,7,,279
2020/3/30,1,,281
2020/3/31,2,,299
2020/4/1,3,,313
2020/4/2,4,,303
2020/4/3,5,,332
2020/4/4,6,QingMing,362
2020/4/5,7,QingMing,394
2020/4/6,1,QingMing,407
2020/4/7,2,,371
2020/4/8,3,,380
2020/4/9,4,,384
2020/4/10,5,,412
2020/4/11,6,,465
2020/4/12,7,,530
2020/4/13,1,,493
2020/4/14,2,,525
2020/4/15,3,,497
2020/4/16,4,,534
2020/4/17,5,,524
2020/4/18,6,,576
2020/4/19,7,,535
2020/4/20,1,,511
2020/4/21,2,,499
2020/4/22,3,,504
2020/4/23,4,,488
2020/4/24,5,,529
2020/4/25,6,,561
2020/4/26,7,,552
2020/4/27,1,,478
2020/4/28,2,,521
2020/4/29,3,,519
2020/4/30,4,,508
2020/5/1,5,LaborsDay,613
2020/5/2,6,LaborsDay,587
2020/5/3,7,LaborsDay,612
2020/5/4,1,LaborsDay,541
2020/5/5,2,LaborsDay,547
2020/5/6,3,,472
2020/5/7,4,,495
2020/5/8,5,,509
2020/5/9,6,,541
2020/5/10,7,,519
2020/5/11,1,,474
2020/5/12,2,,484
2020/5/13,3,,502
2020/5/14,4,,489
2020/5/15,5,,495
2020/5/16,6,,547
2020/5/17,7,,529
2020/5/18,1,,480
2020/5/19,2,,502
2020/5/20,3,,479
2020/5/21,4,,494
2020/5/22,5,,485
2020/5/23,6,,550
2020/5/24,7,,535
2020/5/25,1,,502
2020/5/26,2,,472
2020/5/27,3,,460
2020/5/28,4,,489
2020/5/29,5,,496
2020/5/30,6,,502
2020/5/31,7,,511
2020/6/1,1,Children's Day,508
2020/6/2,2,,461
2020/6/3,3,,490
2020/6/4,4,,471
2020/6/5,5,,482
2020/6/6,6,,509
2020/6/7,7,,514
2020/6/8,1,,492
2020/6/9,2,,464
2020/6/10,3,,489
2020/6/11,4,,471
2020/6/12,5,,460
2020/6/13,6,,511
2020/6/14,7,,522
2020/6/15,1,,479
2020/6/16,2,,464
2020/6/17,3,,460
2020/6/18,4,,451
2020/6/19,5,,471
2020/6/20,6,,529
2020/6/21,7,,486
2020/6/22,1,,446
2020/6/23,2,,487
2020/6/24,3,,444
2020/6/25,4,DragonBoatFestival,460
2020/6/26,5,DragonBoatFestival,448
2020/6/27,6,DragonBoatFestival,502
2020/6/28,7,,484
2020/6/29,1,,462
2020/6/30,2,,456
2020/7/1,3,,470
2020/7/2,4,,440
2020/7/3,5,,486
2020/7/4,6,,522
2020/7/5,7,,493
2020/7/6,1,,473
2020/7/7,2,,446
2020/7/8,3,,440
2020/7/9,4,,470
2020/7/10,5,,454
2020/7/11,6,,491
2020/7/12,7,,505
2020/7/13,1,,444
2020/7/14,2,,442
2020/7/15,3,,446
2020/7/16,4,,483
2020/7/17,5,,446
2020/7/18,6,,514
2020/7/19,7,,491
2020/7/20,1,,448
2020/7/21,2,,476
2020/7/22,3,,460
2020/7/23,4,,442
2020/7/24,5,,441
2020/7/25,6,,481
2020/7/26,7,,479
2020/7/27,1,,483
2020/7/28,2,,455
2020/7/29,3,,462
2020/7/30,4,,460
2020/7/31,5,,472
2020/8/1,6,,542
2020/8/2,7,,519
2020/8/3,1,,451
2020/8/4,2,,440
2020/8/5,3,,439
2020/8/6,4,,452
2020/8/7,5,,482
2020/8/8,6,,485
2020/8/9,7,,480
2020/8/10,1,,471
2020/8/11,2,,470
2020/8/12,3,,477
2020/8/13,4,,463
2020/8/14,5,,447
2020/8/15,6,,539
2020/8/16,7,,488
2020/8/17,1,,477
2020/8/18,2,,474
2020/8/19,3,,477
2020/8/20,4,,481
2020/8/21,5,,466
2020/8/22,6,,503
2020/8/23,7,,518
2020/8/24,1,,450
2020/8/25,2,,483
2020/8/26,3,,455
2020/8/27,4,,497
2020/8/28,5,,472
2020/8/29,6,,527
2020/8/30,7,,499
2020/8/31,1,,494
2020/9/1,2,,511
2020/9/2,3,,475
2020/9/3,4,,470
2020/9/4,5,,455
2020/9/5,6,,524
2020/9/6,7,,543
2020/9/7,1,,455
2020/9/8,2,,474
2020/9/9,3,,474
2020/9/10,4,,471
2020/9/11,5,,490
2020/9/12,6,,500
2020/9/13,7,,499
2020/9/14,1,,489
2020/9/15,2,,484
2020/9/16,3,,473
2020/9/17,4,,493
2020/9/18,5,,488
2020/9/19,6,,504
2020/9/20,7,,502
2020/9/21,1,,499
2020/9/22,2,,474
2020/9/23,3,,509
2020/9/24,4,,492
2020/9/25,5,,488
2020/9/26,6,,548
2020/9/27,7,,516
2020/9/28,1,,504
2020/9/29,2,,489
2020/9/30,3,,508
2020/10/1,4,NationalDay,608
2020/10/2,5,NationalDay,593
2020/10/3,6,NationalDay,631
2020/10/4,7,NationalDay,648
2020/10/5,1,NationalDay,562
2020/10/6,2,NationalDay,597
2020/10/7,3,NationalDay,580
2020/10/8,4,NationalDay,587
2020/10/9,5,,497
2020/10/10,6,,524
2020/10/11,7,,524
2020/10/12,1,,486
2020/10/13,2,,491
2020/10/14,3,,523
2020/10/15,4,,506
2020/10/16,5,,526
2020/10/17,6,,567
2020/10/18,7,,545
2020/10/19,1,,530
2020/10/20,2,,520
2020/10/21,3,,509
2020/10/22,4,,501
2020/10/23,5,,512
2020/10/24,6,,565
2020/10/25,7,,569
2020/10/26,1,,517
2020/10/27,2,,540
2020/10/28,3,,516
2020/10/29,4,,517
2020/10/30,5,,545
2020/10/31,6,,591
2020/11/1,7,,595
2020/11/2,1,,534
2020/11/3,2,,551
2020/11/4,3,,541
2020/11/5,4,,532
2020/11/6,5,,537
2020/11/7,6,,549
2020/11/8,7,,570
2020/11/9,1,,533
2020/11/10,2,,515
2020/11/11,3,,509
2020/11/12,4,,519
2020/11/13,5,,516
2020/11/14,6,,571
2020/11/15,7,,581
2020/11/16,1,,531
2020/11/17,2,,562
2020/11/18,3,,548
2020/11/19,4,,531
2020/11/20,5,,523
2020/11/21,6,,568
2020/11/22,7,,603
2020/11/23,1,,544
2020/11/24,2,,550
2020/11/25,3,,522
2020/11/26,4,,558
2020/11/27,5,,549
2020/11/28,6,,606
2020/11/29,7,,589
2020/11/30,1,,546
2020/12/1,2,,586
2020/12/2,3,,527
2020/12/3,4,,535
2020/12/4,5,,528
2020/12/5,6,,570
2020/12/6,7,,588
2020/12/7,1,,540
2020/12/8,2,,547
2020/12/9,3,,573
2020/12/10,4,,557
2020/12/11,5,,560
2020/12/12,6,,604
2020/12/13,7,,577
2020/12/14,1,,532
2020/12/15,2,,560
2020/12/16,3,,564
2020/12/17,4,,582
2020/12/18,5,,533
2020/12/19,6,,613
2020/12/20,7,,603
2020/12/21,1,,567
2020/12/22,2,,572
2020/12/23,3,,545
2020/12/24,4,,562
2020/12/25,5,,541
2020/12/26,6,,575
2020/12/27,7,,589
2020/12/28,1,,538
2020/12/29,2,,551
2020/12/30,3,,555
2020/12/31,4,,539
2021/1/1,5,NewYearsDay,671
2021/1/2,6,NewYearsDay,683
2021/1/3,7,NewYearsDay,675
2021/1/4,1,,575
2021/1/5,2,,556
2021/1/6,3,,564
2021/1/7,4,,547
2021/1/8,5,,543
2021/1/9,6,,611
2021/1/10,7,,602
2021/1/11,1,,584
2021/1/12,2,,585
2021/1/13,3,,553
2021/1/14,4,,580
2021/1/15,5,,590
2021/1/16,6,,634
2021/1/17,7,,624
2021/1/18,1,,567
2021/1/19,2,,566
2021/1/20,3,,549
2021/1/21,4,,550
2021/1/22,5,,559
2021/1/23,6,,607
2021/1/24,7,,588
2021/1/25,1,,549
2021/1/26,2,,576
2021/1/27,3,,553
2021/1/28,4,,579
2021/1/29,5,,586
2021/1/30,6,,598
2021/1/31,7,,574
2021/2/1,1,,610
2021/2/2,2,,585
2021/2/3,3,,543
2021/2/4,4,,577
2021/2/5,5,,554
2021/2/6,6,,614
2021/2/7,7,,627
2021/2/8,1,,583
2021/2/9,2,,573
2021/2/10,3,,554
2021/2/11,4,CNYEVE,699
2021/2/12,5,CNY,649
2021/2/13,6,CNY,667
2021/2/14,7,CNY,701
2021/2/15,1,CNY,632
2021/2/16,2,CNY,664
2021/2/17,3,CNY,639
2021/2/18,4,,568
2021/2/19,5,,537
2021/2/20,6,,617
2021/2/21,7,,598
2021/2/22,1,,566
2021/2/23,2,,536
2021/2/24,3,,557
2021/2/25,4,,564
2021/2/26,5,,549
2021/2/27,6,,583
2021/2/28,7,,580
2021/3/1,1,,573
2021/3/2,2,,564
2021/3/3,3,,551
2021/3/4,4,,552
2021/3/5,5,,568
2021/3/6,6,,582
2021/3/7,7,,580
2021/3/8,1,,550
2021/3/9,2,,541
2021/3/10,3,,539
2021/3/11,4,,546
2021/3/12,5,,541
2021/3/13,6,,611
2021/3/14,7,,591
2021/3/15,1,,546
2021/3/16,2,,531
2021/3/17,3,,561
2021/3/18,4,,550
2021/3/19,5,,568
2021/3/20,6,,576
2021/3/21,7,,600
2021/3/22,1,,553
2021/3/23,2,,558
2021/3/24,3,,544
2021/3/25,4,,524
2021/3/26,5,,558
2021/3/27,6,,552
2021/3/28,7,,585
2021/3/29,1,,530
2021/3/30,2,,532
2021/3/31,3,,532
2021/4/1,4,,551
2021/4/2,5,QingMing,573
2021/4/3,6,QingMing,606
2021/4/4,7,QingMing,624
2021/4/5,1,,535
2021/4/6,2,,527
2021/4/7,3,,535
2021/4/8,4,,506
2021/4/9,5,,506
2021/4/10,6,,549
2021/4/11,7,,553
2021/4/12,1,,532
2021/4/13,2,,505
2021/4/14,3,,505
2021/4/15,4,,519
2021/4/16,5,,539
2021/4/17,6,,559
2021/4/18,7,,532
2021/4/19,1,,543
2021/4/20,2,,541
2021/4/21,3,,536
2021/4/22,4,,507
2021/4/23,5,,513
2021/4/24,6,,572
2021/4/25,7,,538
2021/4/26,1,,512
2021/4/27,2,,519
2021/4/28,3,,486
2021/4/29,4,,518
2021/4/30,5,,502
2021/5/1,6,LaborsDay,635
2021/5/2,7,LaborsDay,608
2021/5/3,1,LaborsDay,548
2021/5/4,2,LaborsDay,570
2021/5/5,3,LaborsDay,597
2021/5/6,4,,510
2021/5/7,5,,520
2021/5/8,6,,537
2021/5/9,7,,527
2021/5/10,1,,512
2021/5/11,2,,522
2021/5/12,3,,493
2021/5/13,4,,512
2021/5/14,5,,508
2021/5/15,6,,530
2021/5/16,7,,531
2021/5/17,1,,497
2021/5/18,2,,473
2021/5/19,3,,502
2021/5/20,4,,510
2021/5/21,5,,469
2021/5/22,6,,513
2021/5/23,7,,509
2021/5/24,1,,469
2021/5/25,2,,486
2021/5/26,3,,496
2021/5/27,4,,491
2021/5/28,5,,485
2021/5/29,6,,532
2021/5/30,7,,512
2021/5/31,1,,462
2021/6/1,2,Children's Day,509
2021/6/2,3,,472
2021/6/3,4,,490
2021/6/4,5,,493
2021/6/5,6,,517
2021/6/6,7,,528
2021/6/7,1,,472
2021/6/8,2,,498
2021/6/9,3,,506
2021/6/10,4,,480
2021/6/11,5,DragonBoatFestival,491
2021/6/12,6,DragonBoatFestival,491
2021/6/13,7,DragonBoatFestival,537
2021/6/14,1,,462
2021/6/15,2,,475
2021/6/16,3,,475
2021/6/17,4,,501
2021/6/18,5,,475
2021/6/19,6,,519
2021/6/20,7,,529
2021/6/21,1,,451
2021/6/22,2,,466
2021/6/23,3,,492
2021/6/24,4,,450
2021/6/25,5,,468
2021/6/26,6,,509
2021/6/27,7,,517
2021/6/28,1,,462
2021/6/29,2,,475
2021/6/30,3,,479
2021/7/1,4,,508
2021/7/2,5,,477
2021/7/3,6,,485
2021/7/4,7,,532
2021/7/5,1,,447
2021/7/6,2,,487
2021/7/7,3,,495
2021/7/8,4,,456
2021/7/9,5,,478
2021/7/10,6,,525
2021/7/11,7,,536
2021/7/12,1,,447
2021/7/13,2,,472
2021/7/14,3,,489
2021/7/15,4,,462
2021/7/16,5,,477
2021/7/17,6,,491
2021/7/18,7,,516
2021/7/19,1,,470
2021/7/20,2,,478
2021/7/21,3,,488
2021/7/22,4,,478
2021/7/23,5,,470
2021/7/24,6,,517
2021/7/25,7,,513
2021/7/26,1,,448
2021/7/27,2,,479
2021/7/28,3,,461
2021/7/29,4,,467
2021/7/30,5,,463
2021/7/31,6,,531
2021/8/1,7,,537
2021/8/2,1,,470
2021/8/3,2,,471
2021/8/4,3,,449
2021/8/5,4,,460
2021/8/6,5,,498
2021/8/7,6,,496
2021/8/8,7,,525
2021/8/9,1,,466
2021/8/10,2,,499
2021/8/11,3,,461
2021/8/12,4,,495
2021/8/13,5,,497
2021/8/14,6,,489
2021/8/15,7,,507
2021/8/16,1,,496
2021/8/17,2,,496
2021/8/18,3,,498
2021/8/19,4,,460
2021/8/20,5,,489
2021/8/21,6,,524
2021/8/22,7,,525
2021/8/23,1,,501
2021/8/24,2,,503
2021/8/25,3,,506
2021/8/26,4,,470
2021/8/27,5,,487
2021/8/28,6,,535
2021/8/29,7,,507
2021/8/30,1,,465
2021/8/31,2,,469
2021/9/1,3,,501
2021/9/2,4,,470
2021/9/3,5,,492
2021/9/4,6,,553
2021/9/5,7,,538
2021/9/6,1,,489
2021/9/7,2,,509
2021/9/8,3,,468
2021/9/9,4,,487
2021/9/10,5,,483
2021/9/11,6,,509
2021/9/12,7,,531
2021/9/13,1,,511
2021/9/14,2,,477
2021/9/15,3,,496
2021/9/16,4,,494
2021/9/17,5,,500
2021/9/18,6,,511
2021/9/19,7,MoonFestival,555
2021/9/20,1,MoonFestival,507
2021/9/21,2,MoonFestival,474
2021/9/22,3,,521
2021/9/23,4,,504
2021/9/24,5,,508
2021/9/25,6,,528
2021/9/26,7,,535
2021/9/27,1,,491
2021/9/28,2,,485
2021/9/29,3,,508
2021/9/30,4,,483
2021/10/1,5,NationalDay,606
2021/10/2,6,NationalDay,629
2021/10/3,7,NationalDay,661
2021/10/4,1,NationalDay,589
2021/10/5,2,NationalDay,595
2021/10/6,3,NationalDay,595
2021/10/7,4,NationalDay,586
2021/10/8,5,,529
2021/10/9,6,,562
2021/10/10,7,,559
2021/10/11,1,,521
2021/10/12,2,,509
2021/10/13,3,,517
2021/10/14,4,,524
2021/10/15,5,,501
2021/10/16,6,,581
2021/10/17,7,,545
2021/10/18,1,,521
2021/10/19,2,,520
2021/10/20,3,,548
2021/10/21,4,,519
2021/10/22,5,,531
2021/10/23,6,,544
2021/10/24,7,,556
2021/10/25,1,,552
2021/10/26,2,,516
2021/10/27,3,,554
2021/10/28,4,,532
2021/10/29,5,,554
2021/10/30,6,,562
2021/10/31,7,,587
2021/11/1,1,,563
2021/11/2,2,,514
2021/11/3,3,,523
2021/11/4,4,,535
2021/11/5,5,,527
2021/11/6,6,,560
2021/11/7,7,,560
2021/11/8,1,,560
2021/11/9,2,,532
2021/11/10,3,,541
2021/11/11,4,,562
2021/11/12,5,,555
2021/11/13,6,,600
2021/11/14,7,,562
2021/11/15,1,,569
2021/11/16,2,,532
2021/11/17,3,,532
2021/11/18,4,,559
2021/11/19,5,,544
2021/11/20,6,,601
2021/11/21,7,,607
2021/11/22,1,,556
2021/11/23,2,,546
2021/11/24,3,,568
2021/11/25,4,,572
2021/11/26,5,,550
2021/11/27,6,,563
2021/11/28,7,,593
2021/11/29,1,,532
2021/11/30,2,,558
2021/12/1,3,,576
2021/12/2,4,,564
2021/12/3,5,,539
2021/12/4,6,,610
2021/12/5,7,,624
2021/12/6,1,,545
2021/12/7,2,,573
2021/12/8,3,,561
2021/12/9,4,,546
2021/12/10,5,,574
2021/12/11,6,,577
2021/12/12,7,,617
2021/12/13,1,,582
2021/12/14,2,,562
2021/12/15,3,,546
2021/12/16,4,,580
2021/12/17,5,,577
2021/12/18,6,,597
2021/12/19,7,,631
2021/12/20,1,,549
2021/12/21,2,,553
2021/12/22,3,,571
2021/12/23,4,,577
2021/12/24,5,,569
2021/12/25,6,,611
2021/12/26,7,,603
2021/12/27,1,,562
2021/12/28,2,,591
2021/12/29,3,,571
2021/12/30,4,,551
2021/12/31,5,NewYearsDay,650
2022/1/1,6,NewYearsDay,715
2022/1/2,7,NewYearsDay,686
2022/1/3,1,,575
2022/1/4,2,,568
2022/1/5,3,,557
2022/1/6,4,,553
2022/1/7,5,,551
2022/1/8,6,,605
2022/1/9,7,,621
2022/1/10,1,,574
2022/1/11,2,,566
2022/1/12,3,,552
2022/1/13,4,,589
2022/1/14,5,,565
2022/1/15,6,,608
2022/1/16,7,,618
2022/1/17,1,,565
2022/1/18,2,,579
2022/1/19,3,,599
2022/1/20,4,,600
2022/1/21,5,,558
2022/1/22,6,,629
2022/1/23,7,,615
2022/1/24,1,,595
2022/1/25,2,,567
2022/1/26,3,,564
2022/1/27,4,,562
2022/1/28,5,,580
2022/1/29,6,,593
2022/1/30,7,,599
2022/1/31,1,CNYEVE,721
2022/2/1,2,CNY,668
2022/2/2,3,CNY,670
2022/2/3,4,CNY,670
2022/2/4,5,CNY,645
2022/2/5,6,CNY,701
2022/2/6,7,CNY,708
2022/2/7,1,,548
2022/2/8,2,,563
2022/2/9,3,,557
2022/2/10,4,,579
2022/2/11,5,,573
2022/2/12,6,,625
2022/2/13,7,,605
2022/2/14,1,,554
2022/2/15,2,,581
2022/2/16,3,,575
2022/2/17,4,,553
2022/2/18,5,,551
2022/2/19,6,,625
2022/2/20,7,,605
2022/2/21,1,,548
2022/2/22,2,,547
2022/2/23,3,,575
2022/2/24,4,,573
2022/2/25,5,,580
2022/2/26,6,,614
2022/2/27,7,,606
